"PRODUCT_ID","PRODUCT_NO","PRODUCT_DESC","PRODUCTCATEGORY_ID","PRODUCTCATEGORY_DESC"
134,"PRO11","Luxury Fragrance","Luxury Beauty","Category Luxury Beauty"
135,"PRO12","Electric Shaver","Luxury Beauty","Category Luxury Beauty"
136,"PRO13","Health Monitors Kit","Health","Category Health"
137,"PRO14","Candy & Chocolate","Gourment and Organic Food","Category Gourment and Organic Food"
138,"PRO15","Classic Coconut Milk","Gourment and Organic Food","Category Gourment and Organic Food"
139,"PRO16","Red Wine","Distilled Beverage and Wine","Category Distilled Beverage and Wine"
140,"PRO17","12 Year Old Whisky","Distilled Beverage and Wine","Category Distilled Beverage and Wine"
